{
    "fit_groups": {
        "all_l200a": {
            "range": [
                [
                    1930.0,
                    2098.511
                ],
                [
                    2108.511,
                    2113.513
                ],
                [
                    2123.513,
                    2190.0
                ]
            ],
            "model": "uniform",
            "bkg_name": "B_l200a_all", 
            "signal_name":"gaussian"
        }
    },
    "partitions": {
        "all_l200a": [
            {
                "experiment": "L200",
                "detector": "FAKEDET",
                "part_name": "part0001",
                "start_ts": 1678595636,
                "end_ts": 1683892097,
                "eff_tot": 0.6495420418818286,
                "eff_tot_sigma": 0.019542582667572937,
                "width": 0.9142250530785563,
                "width_sigma": 0.06199575371549893,
                "fwhm": 2.153,
                "fwhm_sigma": 0.146,
                "exposure": 1000,
                "bias": 0,
                "bias_sigma": 0
            }
        ]
    }
}